"","text","favorited","favoriteCount","replyToSN","created","truncated","replyToSID","id","replyToUID","statusSource","screenName","retweetCount","isRetweet","retweeted","longitude","latitude"
"1","#Southeast Communities have been learning recently about how to set up their own renewable energy projects. Watch b‚Ä¶ https://t.co/D4rWwT4w9f",FALSE,1,NA,2021-04-07 20:10:01,TRUE,NA,"1379889219674509315",NA,"<a href=""https://buffer.com"" rel=""nofollow"">Buffer</a>","Carlow_Co_Co",0,FALSE,FALSE,NA,NA
"2","Check out our brand new Energy Hub! Here wou will be able to explore the best of our energy content in one place in‚Ä¶ https://t.co/ucsCN01ZNq",FALSE,11,NA,2021-04-07 15:38:15,TRUE,NA,"1379820825080180740",NA,"<a href=""https://sproutsocial.com"" rel=""nofollow"">Sprout Social</a>","SEAI_ie",7,FALSE,FALSE,NA,NA
"3","We will be appointing 3 x Senior Energy Modelling Experts to develop analytical outputs to inform and drive essenti‚Ä¶ https://t.co/N3ByGt9P4o",FALSE,0,NA,2021-04-07 14:20:05,TRUE,NA,"1379801154910060544",NA,"<a href=""https://sproutsocial.com"" rel=""nofollow"">Sprout Social</a>","SEAI_ie",0,FALSE,FALSE,NA,NA
"4","Ireland's leading business to business sustainable event, the SEAI Energy Show is back! Join us for a virtual 2 Day‚Ä¶ https://t.co/dABQmi7LlK",FALSE,2,NA,2021-04-07 13:42:01,TRUE,NA,"1379791576424194048",NA,"<a href=""https://sproutsocial.com"" rel=""nofollow"">Sprout Social</a>","SEAI_ie",0,FALSE,FALSE,NA,NA
"5","The Lean &amp; Green Skillnet is delighted to be part of the #ClimateReady Launch in partnership with @SkillnetIreland,‚Ä¶ https://t.co/hmslmPbKlg",FALSE,5,NA,2021-04-07 13:24:32,TRUE,NA,"1379787174443425792",NA,"<a href=""https://mobile.twitter.com"" rel=""nofollow"">Twitter Web App</a>","LeanSkillnet",2,FALSE,FALSE,NA,NA
"6","We have just added a new Energy Hub to our website. Here wou will be able to explore the best of our energy content‚Ä¶ https://t.co/I1bD3lGxzC",FALSE,1,NA,2021-04-07 12:28:00,TRUE,NA,"1379772950367383554",NA,"<a href=""https://sproutsocial.com"" rel=""nofollow"">Sprout Social</a>","SEAI_ie",0,FALSE,FALSE,NA,NA
"7","Order your ID.4 today as we have limited stock left for 2021!
Highlights of the ID.4 include:
- PCP Finance from 2.‚Ä¶ https://t.co/DrGgIbeuPz",FALSE,2,NA,2021-04-07 12:04:20,TRUE,NA,"1379766992245248001",NA,"<a href=""https://www.hootsuite.com"" rel=""nofollow"">Hootsuite Inc.</a>","BlackwaterMotor",1,FALSE,FALSE,NA,NA
"8","A transition to clean energy is about making an investment in our future - Gloria Reuben
*
*
#ERI #energy‚Ä¶ https://t.co/EG4fS052wS",FALSE,0,NA,2021-04-07 10:27:41,TRUE,NA,"1379742671489490945",NA,"<a href=""http://twitter.com/download/iphone"" rel=""nofollow"">Twitter for iPhone</a>","erimanagedenerg",0,FALSE,FALSE,NA,NA
"9","@Marineireland @SEAI_ie @ohaganam @MaREIcentre @tonyoceanork @vcummins24 That‚Äôs next!",FALSE,0,"Marineireland",2021-04-07 09:37:07,FALSE,"1379725210098806784","1379729942519369728","533505892","<a href=""http://twitter.com/download/iphone"" rel=""nofollow"">Twitter for iPhone</a>","MSP_Ireland",0,FALSE,FALSE,NA,NA
"10","National Marine Planning Framework approved by Government and Parliamentary clearance pending. On to the much await‚Ä¶ https://t.co/NlJWsHfPw1",FALSE,5,NA,2021-04-07 09:18:18,TRUE,NA,"1379725210098806784",NA,"<a href=""https://mobile.twitter.com"" rel=""nofollow"">Twitter Web App</a>","Marineireland",0,FALSE,FALSE,NA,NA
"11","The Cube Low Carbon Centre of Excellence will be hosting a workshop with @SEAI_ie , @3CEAgency &amp; @GasNetIrl on fund‚Ä¶ https://t.co/Tc8Lsl4yEL",FALSE,4,NA,2021-04-07 09:13:22,TRUE,NA,"1379723968991653889",NA,"<a href=""https://mobile.twitter.com"" rel=""nofollow"">Twitter Web App</a>","LEOLaois",2,FALSE,FALSE,NA,NA
"12","‚ÄúREIL is appointed to oversee all works, grant funding of up to 35% is available from SEAI for qualifying works, &amp;‚Ä¶ https://t.co/bYQULMYASj",FALSE,0,NA,2021-04-07 08:14:41,TRUE,NA,"1379709200683646982",NA,"<a href=""https://mobile.twitter.com"" rel=""nofollow"">Twitter Web App</a>","BusinessTalkPR",0,FALSE,FALSE,NA,NA
"13","@breeshasdad @bokesy @MikeWTweets @SEAI_ie @IOMGovernment The Chinese are commissioning new coal fired power statio‚Ä¶ https://t.co/FeBC73lSWy",FALSE,0,"spyder_peter",2021-04-06 19:54:39,TRUE,"1379521806831390723","1379522963662331914","2267481443","<a href=""http://twitter.com/#!/download/ipad"" rel=""nofollow"">Twitter for iPad</a>","spyder_peter",0,FALSE,FALSE,NA,NA
"14","@breeshasdad @bokesy @MikeWTweets @SEAI_ie @IOMGovernment There isn‚Äôt an electric vehicle that does what I want and‚Ä¶ https://t.co/IidH40jnll",FALSE,0,"breeshasdad",2021-04-06 19:50:03,TRUE,"1379519900247543812","1379521806831390723","1092819038","<a href=""http://twitter.com/#!/download/ipad"" rel=""nofollow"">Twitter for iPad</a>","spyder_peter",0,FALSE,FALSE,NA,NA
"15","@breeshasdad @spyder_peter @MikeWTweets @SEAI_ie @IOMGovernment I would love one for the van.",FALSE,1,"bokesy",2021-04-06 19:49:35,FALSE,"1379518882239672320","1379521687738273796","829349377911160836","<a href=""http://twitter.com/download/android"" rel=""nofollow"">Twitter for Android</a>","bokesy",0,FALSE,FALSE,NA,NA
"16","@bokesy @spyder_peter @MikeWTweets @SEAI_ie @IOMGovernment Interesting one Rob.. haven‚Äôt checked it yet..
https://t.co/gYZnpim15s",FALSE,0,"breeshasdad",2021-04-06 19:46:46,FALSE,"1379519900247543812","1379520981123891201","1092819038","<a href=""http://twitter.com/download/iphone"" rel=""nofollow"">Twitter for iPhone</a>","breeshasdad",0,FALSE,FALSE,NA,NA
"17","@bokesy @spyder_peter @MikeWTweets @SEAI_ie @IOMGovernment Folk are using them now for storage.. even at failed car‚Ä¶ https://t.co/DyDxMEohyL",FALSE,2,"bokesy",2021-04-06 19:43:59,TRUE,"1379518882239672320","1379520277713944580","829349377911160836","<a href=""http://twitter.com/download/iphone"" rel=""nofollow"">Twitter for iPhone</a>","breeshasdad",0,FALSE,FALSE,NA,NA
"18","@bokesy @spyder_peter @MikeWTweets @SEAI_ie @IOMGovernment On battery rental costs I don‚Äôt think I put ¬£59 diesel a‚Ä¶ https://t.co/D1RkXQjAel",FALSE,1,"bokesy",2021-04-06 19:42:29,TRUE,"1379517671314755590","1379519900247543812","829349377911160836","<a href=""http://twitter.com/download/iphone"" rel=""nofollow"">Twitter for iPhone</a>","breeshasdad",0,FALSE,FALSE,NA,NA
"19","@breeshasdad @bokesy @MikeWTweets @SEAI_ie @IOMGovernment The things look modular,so if you do it in stages, runnin‚Ä¶ https://t.co/MrCZLLSneA",FALSE,0,"breeshasdad",2021-04-06 19:40:53,TRUE,"1379518056184025090","1379519498726821888","1092819038","<a href=""http://twitter.com/#!/download/ipad"" rel=""nofollow"">Twitter for iPad</a>","spyder_peter",0,FALSE,FALSE,NA,NA
"20","@breeshasdad @spyder_peter @MikeWTweets @SEAI_ie @IOMGovernment You've seen the van, Victron, Rolls AGM's and Chine‚Ä¶ https://t.co/bvK5a8g0Ss",FALSE,4,"breeshasdad",2021-04-06 19:38:26,TRUE,"1379517354686697472","1379518882239672320","1092819038","<a href=""http://twitter.com/download/android"" rel=""nofollow"">Twitter for Android</a>","bokesy",0,FALSE,FALSE,NA,NA
"21","@bokesy @MikeWTweets @spyder_peter @SEAI_ie @IOMGovernment Done.. üëçüëç except the money üòÇüòÇ.. not much to spend yet",FALSE,2,"bokesy",2021-04-06 19:35:09,FALSE,"1379516985407590405","1379518056184025090","829349377911160836","<a href=""http://twitter.com/download/iphone"" rel=""nofollow"">Twitter for iPhone</a>","breeshasdad",0,FALSE,FALSE,NA,NA
"22","@spyder_peter @MikeWTweets @breeshasdad @SEAI_ie @IOMGovernment I pay 59 a month, it's mileage based. I think for r‚Ä¶ https://t.co/iDHeEnYXYg",FALSE,0,"spyder_peter",2021-04-06 19:33:37,TRUE,"1379104723425505280","1379517671314755590","2267481443","<a href=""http://twitter.com/download/android"" rel=""nofollow"">Twitter for Android</a>","bokesy",0,FALSE,FALSE,NA,NA
"23","@bokesy @spyder_peter @MikeWTweets @SEAI_ie @IOMGovernment I‚Äôll look em up Rob..üëç",FALSE,0,"bokesy",2021-04-06 19:32:22,FALSE,"1379515581255274500","1379517354686697472","829349377911160836","<a href=""http://twitter.com/download/iphone"" rel=""nofollow"">Twitter for iPhone</a>","breeshasdad",0,FALSE,FALSE,NA,NA
"24","@breeshasdad @MikeWTweets @spyder_peter @SEAI_ie @IOMGovernment Let's collaborate, need to do the same with mine. N‚Ä¶ https://t.co/pfVJuOXoDj",FALSE,0,"breeshasdad",2021-04-06 19:30:54,TRUE,"1379114918402785292","1379516985407590405","1092819038","<a href=""http://twitter.com/download/android"" rel=""nofollow"">Twitter for Android</a>","bokesy",0,FALSE,FALSE,NA,NA
"25","@spyder_peter @breeshasdad @MikeWTweets @SEAI_ie @IOMGovernment https://t.co/Zwxm1TRdMX are good for this stuff too‚Ä¶ https://t.co/iBDjNSD38p",FALSE,1,"spyder_peter",2021-04-06 19:25:19,TRUE,"1379487296525844488","1379515581255274500","2267481443","<a href=""http://twitter.com/download/android"" rel=""nofollow"">Twitter for Android</a>","bokesy",0,FALSE,FALSE,NA,NA
"26","2021 marks 10 years since the Grant Spira condensing wood pellet boiler launched at the @SEAI_ie Energy Show.  The‚Ä¶ https://t.co/sWPWUzyfqG",FALSE,1,NA,2021-04-06 18:05:08,TRUE,NA,"1379495402186113029",NA,"<a href=""https://www.hootsuite.com"" rel=""nofollow"">Hootsuite Inc.</a>","GrantIRL",0,FALSE,FALSE,NA,NA
"27","@breeshasdad @MikeWTweets @SEAI_ie @IOMGovernment @bokesy I like the look of that better than some of the Chinese p‚Ä¶ https://t.co/UwMAN8VLab",FALSE,2,"breeshasdad",2021-04-06 17:32:55,TRUE,"1379379432314535936","1379487296525844488","1092819038","<a href=""http://twitter.com/#!/download/ipad"" rel=""nofollow"">Twitter for iPad</a>","spyder_peter",0,FALSE,FALSE,NA,NA
"28","There are many different energy grants offered by the @SEAI_ie 
 
This guide will help you understand all the types‚Ä¶ https://t.co/Q8EhzPGKWd",FALSE,0,NA,2021-04-06 16:21:00,TRUE,NA,"1379469195851620354",NA,"<a href=""https://ads-api.twitter.com"" rel=""nofollow"">Twitter for Advertisers (legacy)</a>","BordGaisEnergy",0,FALSE,FALSE,NA,NA
"29","This month we are focusing on #SDG9 -Industry, Innovation&amp; Infrastructure. Check out our updated info pack which ou‚Ä¶ https://t.co/NvVhzgkOTE",FALSE,11,NA,2021-04-06 15:57:29,TRUE,NA,"1379463278485725188",NA,"<a href=""https://mobile.twitter.com"" rel=""nofollow"">Twitter Web App</a>","devperspectives",7,FALSE,FALSE,NA,NA
"30","Great to see this project, so vital to the future of @naval_service ,  move ahead. 
@DF_COS @tonyoceanork @SEAI_ie‚Ä¶ https://t.co/lzDnkxJTLO",FALSE,12,NA,2021-04-06 15:32:33,TRUE,NA,"1379457005665067012",NA,"<a href=""https://mobile.twitter.com"" rel=""nofollow"">Twitter Web App</a>","Marineireland",4,FALSE,FALSE,NA,NA
"31","We have just added a new Energy Hub to our website. Here wou will be able to explore the best of our energy content‚Ä¶ https://t.co/OJiBEbklMc",FALSE,7,NA,2021-04-06 15:28:01,TRUE,NA,"1379455863614754822",NA,"<a href=""https://sproutsocial.com"" rel=""nofollow"">Sprout Social</a>","SEAI_ie",5,FALSE,FALSE,NA,NA
"32","@austria_in_ie @RIAIOnline @opwireland @SEAI_ie Thank you üëçüèø",FALSE,0,"austria_in_ie",2021-04-06 15:15:39,FALSE,"1379393819209302016","1379452749482500096","2385000056","<a href=""http://twitter.com/download/iphone"" rel=""nofollow"">Twitter for iPhone</a>","mwiiiinga",0,FALSE,FALSE,NA,NA
"33","@MBeddis Thanks for the Tweet. The full details of the feed in tariff have yet to be clarified by SEAI and  ESB Net‚Ä¶ https://t.co/Y8M2KPSJvI",FALSE,0,"MBeddis",2021-04-06 13:33:21,TRUE,"1379396313482207233","1379427007251947522","78754386","<a href=""https://about.twitter.com/products/tweetdeck"" rel=""nofollow"">TweetDeck</a>","FlogasIreland",0,FALSE,FALSE,NA,NA
"34","In this episode of our podcast #180Degrees, homeowner Francis Clauson shares his fascinating story of building a ho‚Ä¶ https://t.co/8e8INQeY5q",FALSE,6,NA,2021-04-06 12:34:02,TRUE,NA,"1379412077538902016",NA,"<a href=""https://sproutsocial.com"" rel=""nofollow"">Sprout Social</a>","SEAI_ie",3,FALSE,FALSE,NA,NA
"35","@SEAI_ie Does this book have a chapter on the child slave labour used to mine the materials for making the batteries in electric cars ??",FALSE,5,"SEAI_ie",2021-04-06 11:38:45,FALSE,"1375044301781078019","1379398168056635393","377404515","<a href=""http://twitter.com/download/android"" rel=""nofollow"">Twitter for Android</a>","Marco_030881",1,FALSE,FALSE,NA,NA
"36","Order your XC40 Recharge before June 30th to avail of the ‚Ç¨5,000 SEAI Grant.

https://t.co/l7h5liqUz1 https://t.co/7L8Vua2uMW",FALSE,1,NA,2021-04-06 11:35:10,FALSE,NA,"1379397262783184899",NA,"<a href=""https://mobile.twitter.com"" rel=""nofollow"">Twitter Web App</a>","Volvo_Finlay",1,FALSE,FALSE,NA,NA
"37","@mwiiiinga @RIAIOnline @opwireland @SEAI_ie Hi there, the event is up on YouTube now and Ciaran gives the opening a‚Ä¶ https://t.co/lc6kFX0nT9",FALSE,1,"mwiiiinga",2021-04-06 11:21:29,TRUE,"1368954366368116745","1379393819209302016","2911288306","<a href=""https://mobile.twitter.com"" rel=""nofollow"">Twitter Web App</a>","austria_in_ie",0,FALSE,FALSE,NA,NA
"38","The 3cea One Stop Shop Home Retrofit Service provides you with a hassle-free journey to achieving an energy efficie‚Ä¶ https://t.co/vgX3sntfKh",FALSE,10,NA,2021-04-06 11:13:21,TRUE,NA,"1379391772783153157",NA,"<a href=""https://mobile.twitter.com"" rel=""nofollow"">Twitter Web App</a>","3CEAgency",4,FALSE,FALSE,NA,NA
"39","@MikeWTweets @spyder_peter @SEAI_ie @IOMGovernment @bokesy Agreed.. nice link here in the comments section of your‚Ä¶ https://t.co/exPeZutnCC",FALSE,2,"MikeWTweets",2021-04-06 10:24:18,TRUE,"1379118614796722177","1379379432314535936","24115805","<a href=""http://twitter.com/download/iphone"" rel=""nofollow"">Twitter for iPhone</a>","breeshasdad",0,FALSE,FALSE,NA,NA
"40","Cut to incentive scheme for some electric, hybrid cars from July. 

Contact us today for your EV Charging needs 
Ca‚Ä¶ https://t.co/TEEOW455wC",FALSE,0,NA,2021-04-06 09:35:30,TRUE,NA,"1379367149135876096",NA,"<a href=""https://www.hootsuite.com"" rel=""nofollow"">Hootsuite Inc.</a>","ePowerIreland",0,FALSE,FALSE,NA,NA
"41","SEAI Energy Show Goes Online For 2021 This Month

https://t.co/JOoLhmCXh1

#SEAI #Renewables #Energy #Virtual",FALSE,0,NA,2021-04-06 09:29:32,FALSE,NA,"1379365648485220354",NA,"<a href=""https://www.hootsuite.com"" rel=""nofollow"">Hootsuite Inc.</a>","FarmSafely",2,FALSE,FALSE,NA,NA
"42","Sign up to our mailing list and learn about using sustainable energy in your home, community or business. Hear abou‚Ä¶ https://t.co/X6OcP7lRK8",FALSE,2,NA,2021-04-06 09:27:01,TRUE,NA,"1379365012943343617",NA,"<a href=""https://sproutsocial.com"" rel=""nofollow"">Sprout Social</a>","SEAI_ie",3,FALSE,FALSE,NA,NA
"43","@MikeWTweets @spyder_peter @SEAI_ie @IOMGovernment @bokesy There‚Äôll be another Tynwald approved pricing/finance str‚Ä¶ https://t.co/F6k77HBNyP",FALSE,0,"MikeWTweets",2021-04-06 08:56:24,TRUE,"1379353160024780801","1379357311634972674","24115805","<a href=""http://twitter.com/download/iphone"" rel=""nofollow"">Twitter for iPhone</a>","breeshasdad",0,FALSE,FALSE,NA,NA
"44","@breeshasdad @spyder_peter @SEAI_ie @IOMGovernment @bokesy ...beyond that as the climate changes require it.",FALSE,0,"breeshasdad",2021-04-06 08:39:55,FALSE,"1379146758060699648","1379353160024780801","1092819038","<a href=""http://twitter.com/download/iphone"" rel=""nofollow"">Twitter for iPhone</a>","MikeWTweets",0,FALSE,FALSE,NA,NA
"45","@Marcusdstewart @IrishTimes @Greenpeace @GreenpeaceEU We have enough coastline to produce all of our needed electri‚Ä¶ https://t.co/iZHvHIFJez",FALSE,1,"Marcusdstewart",2021-04-06 07:57:05,TRUE,"1379330673694105600","1379342381867274242","3029057830","<a href=""http://twitter.com/download/android"" rel=""nofollow"">Twitter for Android</a>","Starabara",0,FALSE,FALSE,NA,NA
"46","Ireland's leading business to business sustainable event, the SEAI Energy Show is back! Join us for a virtual 2 Day‚Ä¶ https://t.co/RLiewHmUqb",FALSE,3,NA,2021-04-06 07:20:01,TRUE,NA,"1379333053240205312",NA,"<a href=""https://sproutsocial.com"" rel=""nofollow"">Sprout Social</a>","SEAI_ie",2,FALSE,FALSE,NA,NA
"47","We're #recruiting for lots of exciting new roles across many of our programme areas. Apply now:‚Ä¶ https://t.co/CGWdpSxU9O",FALSE,0,NA,2021-04-06 06:56:04,TRUE,NA,"1379327024800616448",NA,"<a href=""https://sproutsocial.com"" rel=""nofollow"">Sprout Social</a>","SEAI_ie",0,FALSE,FALSE,NA,NA
"48","@MikeWTweets @spyder_peter @SEAI_ie @IOMGovernment @bokesy I missed this earlier Mike in one of your posts. 
It kin‚Ä¶ https://t.co/PtNBg3SoXq",FALSE,0,"MikeWTweets",2021-04-05 19:33:21,TRUE,"1379144197752692742","1379155217229484054","24115805","<a href=""http://twitter.com/download/iphone"" rel=""nofollow"">Twitter for iPhone</a>","breeshasdad",0,FALSE,FALSE,NA,NA
"49","@MikeWTweets @spyder_peter @SEAI_ie @IOMGovernment @bokesy By CPI as part of the 5 yr plan..",FALSE,0,"MikeWTweets",2021-04-05 18:59:45,FALSE,"1379146315167379463","1379146758060699648","24115805","<a href=""http://twitter.com/download/iphone"" rel=""nofollow"">Twitter for iPhone</a>","breeshasdad",0,FALSE,FALSE,NA,NA
"50","@MikeWTweets @breeshasdad @SEAI_ie @IOMGovernment @bokesy That‚Äôs why the electricians have to renew their qualifica‚Ä¶ https://t.co/XrAYJ3W7ET",FALSE,1,"MikeWTweets",2021-04-05 18:58:57,TRUE,"1379145731144040452","1379146558600527874","24115805","<a href=""http://twitter.com/#!/download/ipad"" rel=""nofollow"">Twitter for iPad</a>","spyder_peter",0,FALSE,FALSE,NA,NA
"51","@breeshasdad @spyder_peter @SEAI_ie @IOMGovernment @bokesy Indeed. And they're going to go up.",FALSE,0,"breeshasdad",2021-04-05 18:57:59,FALSE,"1379146145692332032","1379146315167379463","1092819038","<a href=""https://mobile.twitter.com"" rel=""nofollow"">Twitter Web App</a>","MikeWTweets",0,FALSE,FALSE,NA,NA
"52","@MikeWTweets @spyder_peter @SEAI_ie @IOMGovernment @bokesy Yep... and as the field changes, so will the tariffs ..",FALSE,1,"MikeWTweets",2021-04-05 18:57:19,FALSE,"1379138568090714116","1379146145692332032","24115805","<a href=""http://twitter.com/download/iphone"" rel=""nofollow"">Twitter for iPhone</a>","breeshasdad",0,FALSE,FALSE,NA,NA
"53","@spyder_peter @breeshasdad @SEAI_ie @IOMGovernment @bokesy I'm not sure I follow.

Any such works, from installing‚Ä¶ https://t.co/DsdfKB10aq",FALSE,0,"spyder_peter",2021-04-05 18:55:40,TRUE,"1379145135586476034","1379145731144040452","2267481443","<a href=""https://mobile.twitter.com"" rel=""nofollow"">Twitter Web App</a>","MikeWTweets",0,FALSE,FALSE,NA,NA
"54","@MikeWTweets @breeshasdad @SEAI_ie @IOMGovernment @bokesy So long as you get a qualified electrician to wire in the‚Ä¶ https://t.co/bW6ek3u5rY",FALSE,1,"MikeWTweets",2021-04-05 18:53:18,TRUE,"1379144486333349894","1379145135586476034","24115805","<a href=""http://twitter.com/#!/download/ipad"" rel=""nofollow"">Twitter for iPad</a>","spyder_peter",0,FALSE,FALSE,NA,NA
"55","@spyder_peter @breeshasdad @SEAI_ie @IOMGovernment @bokesy Theoretically, the MEA line workers are more likely to g‚Ä¶ https://t.co/lpNxBRN2Pa",FALSE,0,"spyder_peter",2021-04-05 18:50:43,TRUE,"1379143272577310722","1379144486333349894","2267481443","<a href=""https://mobile.twitter.com"" rel=""nofollow"">Twitter Web App</a>","MikeWTweets",0,FALSE,FALSE,NA,NA
"56","@spyder_peter @breeshasdad @SEAI_ie @IOMGovernment @bokesy Yes, standby generators are fine. However, I thought you‚Ä¶ https://t.co/aeBQyuEj0n",FALSE,0,"spyder_peter",2021-04-05 18:49:34,TRUE,"1379143272577310722","1379144197752692742","2267481443","<a href=""https://mobile.twitter.com"" rel=""nofollow"">Twitter Web App</a>","MikeWTweets",0,FALSE,FALSE,NA,NA
"57","@MikeWTweets @breeshasdad @SEAI_ie @IOMGovernment @bokesy As long as you have a proper change over switch, which en‚Ä¶ https://t.co/2GWZvPktNv",FALSE,0,"MikeWTweets",2021-04-05 18:45:54,TRUE,"1379142118359371780","1379143272577310722","24115805","<a href=""http://twitter.com/#!/download/ipad"" rel=""nofollow"">Twitter for iPad</a>","spyder_peter",0,FALSE,FALSE,NA,NA
"58","@spyder_peter @breeshasdad @SEAI_ie @IOMGovernment @bokesy Good question. The MEA know which properties are providi‚Ä¶ https://t.co/vB93P0XzyW",FALSE,1,"spyder_peter",2021-04-05 18:41:18,TRUE,"1379141217653506055","1379142118359371780","2267481443","<a href=""http://twitter.com/download/iphone"" rel=""nofollow"">Twitter for iPhone</a>","MikeWTweets",0,FALSE,FALSE,NA,NA
"59","@breeshasdad @MikeWTweets @SEAI_ie @IOMGovernment @bokesy With a standby genny, you have to have a switch so that t‚Ä¶ https://t.co/Z3Jc3uCZSj",FALSE,1,"breeshasdad",2021-04-05 18:37:44,TRUE,"1379134045846708224","1379141217653506055","1092819038","<a href=""http://twitter.com/#!/download/ipad"" rel=""nofollow"">Twitter for iPad</a>","spyder_peter",0,FALSE,FALSE,NA,NA
"60","@breeshasdad @spyder_peter @SEAI_ie @IOMGovernment @bokesy They already have a feed in tariff called, ‚ÄúSustainable Generation‚Äù.",FALSE,0,"breeshasdad",2021-04-05 18:27:12,FALSE,"1379134045846708224","1379138568090714116","1092819038","<a href=""http://twitter.com/download/iphone"" rel=""nofollow"">Twitter for iPhone</a>","MikeWTweets",0,FALSE,FALSE,NA,NA
"61","Interested in switching to an #electricvehicle but unsure of how or where to charge? Check out this handy video whi‚Ä¶ https://t.co/acFoyxi0Jj",FALSE,0,NA,2021-04-05 18:25:11,TRUE,NA,"1379138061368451078",NA,"<a href=""https://sproutsocial.com"" rel=""nofollow"">Sprout Social</a>","SEAI_ie",0,FALSE,FALSE,NA,NA
"62","@MikeWTweets @spyder_peter @SEAI_ie @IOMGovernment @bokesy Oh yes.. they get revenue for the export.. and the impor‚Ä¶ https://t.co/CaOL76j2O8",FALSE,2,"MikeWTweets",2021-04-05 18:09:14,TRUE,"1379118081507725317","1379134045846708224","24115805","<a href=""http://twitter.com/download/iphone"" rel=""nofollow"">Twitter for iPhone</a>","breeshasdad",0,FALSE,FALSE,NA,NA
"63","@breeshasdad @spyder_peter @SEAI_ie @IOMGovernment The Isle of Man doesn't benefit from a Green economy to support‚Ä¶ https://t.co/iqYVEQ8QjP",FALSE,0,"breeshasdad",2021-04-05 17:19:40,TRUE,"1379095822210629635","1379121571332296711","1092819038","<a href=""http://twitter.com/download/android"" rel=""nofollow"">Twitter for Android</a>","chiwawamaster8",0,FALSE,FALSE,NA,NA
"64","@MikeWTweets @breeshasdad @spyder_peter @SEAI_ie @IOMGovernment Depends which car park ü§£",FALSE,1,"MikeWTweets",2021-04-05 17:17:14,FALSE,"1379120581954699273","1379120960595492865","24115805","<a href=""http://twitter.com/download/android"" rel=""nofollow"">Twitter for Android</a>","AlanOfMann",0,FALSE,FALSE,NA,NA
"65","@AlanOfMann @breeshasdad @spyder_peter @SEAI_ie @IOMGovernment I'll park and walk from the far end of the car park. How's that?",FALSE,1,"AlanOfMann",2021-04-05 17:15:44,FALSE,"1379120395207475203","1379120581954699273","1222169073896824833","<a href=""https://mobile.twitter.com"" rel=""nofollow"">Twitter Web App</a>","MikeWTweets",0,FALSE,FALSE,NA,NA
"66","@MikeWTweets @breeshasdad @spyder_peter @SEAI_ie @IOMGovernment Every little helps as they say.",FALSE,0,"MikeWTweets",2021-04-05 17:14:59,FALSE,"1379119909595197440","1379120395207475203","24115805","<a href=""http://twitter.com/download/android"" rel=""nofollow"">Twitter for Android</a>","AlanOfMann",0,FALSE,FALSE,NA,NA
"67","@AlanOfMann @breeshasdad @spyder_peter @SEAI_ie @IOMGovernment I've just looked this up. It's up to ¬£1,200 for a co‚Ä¶ https://t.co/7pphFPzhxv",FALSE,0,"AlanOfMann",2021-04-05 17:13:03,TRUE,"1379118807743086603","1379119909595197440","1222169073896824833","<a href=""https://mobile.twitter.com"" rel=""nofollow"">Twitter Web App</a>","MikeWTweets",0,FALSE,FALSE,NA,NA
"68","@AlanOfMann @breeshasdad @spyder_peter @SEAI_ie @IOMGovernment Dude, I live in Regaby. I'm not going to try that experiment.",FALSE,1,"AlanOfMann",2021-04-05 17:09:35,FALSE,"1379118807743086603","1379119034097147913","1222169073896824833","<a href=""https://mobile.twitter.com"" rel=""nofollow"">Twitter Web App</a>","MikeWTweets",0,FALSE,FALSE,NA,NA
"69","@MikeWTweets @breeshasdad @spyder_peter @SEAI_ie @IOMGovernment That's the one. 

Pushbikes may have better metrics‚Ä¶ https://t.co/rDmFOkJVep",FALSE,2,"MikeWTweets",2021-04-05 17:08:41,TRUE,"1379117038103318528","1379118807743086603","24115805","<a href=""http://twitter.com/download/android"" rel=""nofollow"">Twitter for Android</a>","AlanOfMann",0,FALSE,FALSE,NA,NA
"70","@breeshasdad @spyder_peter @SEAI_ie @IOMGovernment @bokesy The COMIN arrangements and the 'collective responsibilit‚Ä¶ https://t.co/Dvit7K2xGZ",FALSE,1,"breeshasdad",2021-04-05 17:07:55,TRUE,"1379118454016462850","1379118614796722177","1092819038","<a href=""https://mobile.twitter.com"" rel=""nofollow"">Twitter Web App</a>","MikeWTweets",0,FALSE,FALSE,NA,NA
"71","@MikeWTweets @spyder_peter @SEAI_ie @IOMGovernment @bokesy You mean Comin.. üòÇüòÇüòÇ or their biggest lobbying supporters anyway",FALSE,1,"MikeWTweets",2021-04-05 17:07:16,FALSE,"1379117774593740803","1379118454016462850","24115805","<a href=""http://twitter.com/download/iphone"" rel=""nofollow"">Twitter for iPhone</a>","breeshasdad",0,FALSE,FALSE,NA,NA
"72","@breeshasdad @spyder_peter @SEAI_ie @IOMGovernment @bokesy Those users might be net exporters though. So, maintaini‚Ä¶ https://t.co/knnQMtJBBc",FALSE,0,"breeshasdad",2021-04-05 17:05:48,TRUE,"1379115679840931840","1379118081507725317","1092819038","<a href=""https://mobile.twitter.com"" rel=""nofollow"">Twitter Web App</a>","MikeWTweets",0,FALSE,FALSE,NA,NA
"73","@breeshasdad @spyder_peter @SEAI_ie @IOMGovernment @bokesy Gotcha.",FALSE,0,"breeshasdad",2021-04-05 17:05:05,FALSE,"1379115679840931840","1379117903832825860","1092819038","<a href=""https://mobile.twitter.com"" rel=""nofollow"">Twitter Web App</a>","MikeWTweets",0,FALSE,FALSE,NA,NA
"74","@breeshasdad @spyder_peter @SEAI_ie @IOMGovernment @bokesy 100%. Nobody is going to disagree (except maybe, the local housebuilders).",FALSE,0,"breeshasdad",2021-04-05 17:04:34,FALSE,"1379117617009602569","1379117774593740803","1092819038","<a href=""https://mobile.twitter.com"" rel=""nofollow"">Twitter Web App</a>","MikeWTweets",0,FALSE,FALSE,NA,NA
"75","@MikeWTweets @spyder_peter @SEAI_ie @IOMGovernment @bokesy I believe all new homes should have a minimum PV and the‚Ä¶ https://t.co/jiOHU1z0nL",FALSE,2,"MikeWTweets",2021-04-05 17:03:57,TRUE,"1379115274595676166","1379117617009602569","24115805","<a href=""http://twitter.com/download/iphone"" rel=""nofollow"">Twitter for iPhone</a>","breeshasdad",0,FALSE,FALSE,NA,NA
"76","@breeshasdad @spyder_peter @SEAI_ie @IOMGovernment @bokesy It's not perfect. Steep hills/gravity &amp; cold batteries (‚Ä¶ https://t.co/1iAJIdf7Sh",FALSE,1,"breeshasdad",2021-04-05 17:03:00,TRUE,"1379116938278895618","1379117379846803461","1092819038","<a href=""https://mobile.twitter.com"" rel=""nofollow"">Twitter Web App</a>","MikeWTweets",0,FALSE,FALSE,NA,NA
"77","@AlanOfMann @breeshasdad @spyder_peter @SEAI_ie @IOMGovernment Bicycles are better than EVs in a large number of me‚Ä¶ https://t.co/K5jfo1pVkG",FALSE,0,"AlanOfMann",2021-04-05 17:01:39,TRUE,"1379116452226211842","1379117038103318528","1222169073896824833","<a href=""https://mobile.twitter.com"" rel=""nofollow"">Twitter Web App</a>","MikeWTweets",0,FALSE,FALSE,NA,NA
"78","@MikeWTweets @spyder_peter @SEAI_ie @IOMGovernment @bokesy My colleague often struggles.. the square rule of power‚Ä¶ https://t.co/9W2itL3qvS",FALSE,1,"MikeWTweets",2021-04-05 17:01:15,TRUE,"1379115514304331781","1379116938278895618","24115805","<a href=""http://twitter.com/download/iphone"" rel=""nofollow"">Twitter for iPhone</a>","breeshasdad",0,FALSE,FALSE,NA,NA
"79","@MikeWTweets @breeshasdad @spyder_peter @SEAI_ie @IOMGovernment IOMG need to stop funding electric push bikes and m‚Ä¶ https://t.co/3HGpNNzsMl",FALSE,1,"MikeWTweets",2021-04-05 16:59:19,TRUE,"1379103752158855170","1379116452226211842","24115805","<a href=""http://twitter.com/download/android"" rel=""nofollow"">Twitter for Android</a>","AlanOfMann",0,FALSE,FALSE,NA,NA
"80","@MikeWTweets @spyder_peter @SEAI_ie @IOMGovernment @bokesy Mr Boot has touched on grants twice in Tynwald.. 
I‚Äôll b‚Ä¶ https://t.co/dCWvSRw3tt",FALSE,1,"MikeWTweets",2021-04-05 16:58:45,TRUE,"1379114015033602051","1379116307912790021","24115805","<a href=""http://twitter.com/download/iphone"" rel=""nofollow"">Twitter for iPhone</a>","breeshasdad",0,FALSE,FALSE,NA,NA
"81","@MikeWTweets @spyder_peter @SEAI_ie @IOMGovernment @bokesy I agree ... if they go off grid.
They can‚Äôt have cake an‚Ä¶ https://t.co/mpg2unWDMM",FALSE,1,"MikeWTweets",2021-04-05 16:56:15,TRUE,"1379113684832825348","1379115679840931840","24115805","<a href=""http://twitter.com/download/iphone"" rel=""nofollow"">Twitter for iPhone</a>","breeshasdad",0,FALSE,FALSE,NA,NA
"82","@breeshasdad @spyder_peter @SEAI_ie @IOMGovernment @bokesy We have one. It can do that trip return but it's not fun‚Ä¶ https://t.co/wzzvDBxkNt",FALSE,0,"breeshasdad",2021-04-05 16:55:35,TRUE,"1379114487995887621","1379115514304331781","1092819038","<a href=""https://mobile.twitter.com"" rel=""nofollow"">Twitter Web App</a>","MikeWTweets",0,FALSE,FALSE,NA,NA
"83","@breeshasdad @spyder_peter @SEAI_ie @IOMGovernment @bokesy There was a UK developer - I can't remember which - who‚Ä¶ https://t.co/lYFv02Ol0v",FALSE,0,"breeshasdad",2021-04-05 16:54:38,TRUE,"1379114918402785292","1379115274595676166","1092819038","<a href=""https://mobile.twitter.com"" rel=""nofollow"">Twitter Web App</a>","MikeWTweets",0,FALSE,FALSE,NA,NA
"84","@MikeWTweets @spyder_peter @SEAI_ie @IOMGovernment @bokesy All new houses should. No questions. Thermal too. Future‚Ä¶ https://t.co/VlQbqjBl4J",FALSE,2,"MikeWTweets",2021-04-05 16:53:13,TRUE,"1379113387385315336","1379114918402785292","24115805","<a href=""http://twitter.com/download/iphone"" rel=""nofollow"">Twitter for iPhone</a>","breeshasdad",0,FALSE,FALSE,NA,NA
"85","@MikeWTweets @spyder_peter @SEAI_ie @IOMGovernment @bokesy I‚Äôll look... üòä cap test is everything though.. 24kwh is‚Ä¶ https://t.co/iR7M8l5RHb",FALSE,1,"MikeWTweets",2021-04-05 16:51:31,TRUE,"1379112426176667654","1379114487995887621","24115805","<a href=""http://twitter.com/download/iphone"" rel=""nofollow"">Twitter for iPhone</a>","breeshasdad",0,FALSE,FALSE,NA,NA
"86","@breeshasdad @spyder_peter @SEAI_ie @IOMGovernment @bokesy That said, I think it's an academic conversation. I have‚Ä¶ https://t.co/thFLj46yiL",FALSE,0,"breeshasdad",2021-04-05 16:49:38,TRUE,"1379113255621263362","1379114015033602051","1092819038","<a href=""https://mobile.twitter.com"" rel=""nofollow"">Twitter Web App</a>","MikeWTweets",0,FALSE,FALSE,NA,NA
"87","@breeshasdad @spyder_peter @SEAI_ie @IOMGovernment @bokesy You can also say that those who have transitioned (defin‚Ä¶ https://t.co/JVer4OXr4M",FALSE,0,"breeshasdad",2021-04-05 16:48:19,TRUE,"1379113255621263362","1379113684832825348","1092819038","<a href=""https://mobile.twitter.com"" rel=""nofollow"">Twitter Web App</a>","MikeWTweets",0,FALSE,FALSE,NA,NA
"88","@breeshasdad @spyder_peter @SEAI_ie @IOMGovernment @bokesy There's an interesting discussion about whether -all- ho‚Ä¶ https://t.co/MEJDrnLytb",FALSE,1,"breeshasdad",2021-04-05 16:47:08,TRUE,"1379111611399606277","1379113387385315336","1092819038","<a href=""https://mobile.twitter.com"" rel=""nofollow"">Twitter Web App</a>","MikeWTweets",0,FALSE,FALSE,NA,NA
"89","@MikeWTweets @spyder_peter @SEAI_ie @IOMGovernment @bokesy It has to be ... as this develops and more transition (o‚Ä¶ https://t.co/AcPnyxBOHb",FALSE,0,"MikeWTweets",2021-04-05 16:46:37,TRUE,"1379111923686514688","1379113255621263362","24115805","<a href=""http://twitter.com/download/iphone"" rel=""nofollow"">Twitter for iPhone</a>","breeshasdad",0,FALSE,FALSE,NA,NA
"90","@breeshasdad @spyder_peter @SEAI_ie @IOMGovernment @bokesy I just searched Autotrader for EVs, ordered by price des‚Ä¶ https://t.co/cWSynzZ7h2",FALSE,0,"breeshasdad",2021-04-05 16:43:19,TRUE,"1379112197620707330","1379112426176667654","1092819038","<a href=""https://mobile.twitter.com"" rel=""nofollow"">Twitter Web App</a>","MikeWTweets",0,FALSE,FALSE,NA,NA
"91","@MikeWTweets @spyder_peter @SEAI_ie @IOMGovernment @bokesy Could you publish the battery details/spec/cap test pse.. One is 24kwh.",FALSE,0,"MikeWTweets",2021-04-05 16:42:25,FALSE,"1379111019377790984","1379112197620707330","24115805","<a href=""http://twitter.com/download/iphone"" rel=""nofollow"">Twitter for iPhone</a>","breeshasdad",0,FALSE,FALSE,NA,NA
"92","@breeshasdad @spyder_peter @SEAI_ie @IOMGovernment @bokesy Residential renewable: I've been reliably informed that‚Ä¶ https://t.co/nf9uTn0K3Q",FALSE,0,"breeshasdad",2021-04-05 16:41:19,TRUE,"1379111611399606277","1379111923686514688","1092819038","<a href=""https://mobile.twitter.com"" rel=""nofollow"">Twitter Web App</a>","MikeWTweets",0,FALSE,FALSE,NA,NA
"93","@MikeWTweets @spyder_peter @SEAI_ie @IOMGovernment @bokesy And now we move to the next subject.. residential renewa‚Ä¶ https://t.co/ra24J2VbSV",FALSE,0,"MikeWTweets",2021-04-05 16:40:05,TRUE,"1379110336050180099","1379111611399606277","24115805","<a href=""http://twitter.com/download/iphone"" rel=""nofollow"">Twitter for iPhone</a>","breeshasdad",0,FALSE,FALSE,NA,NA
"94","@breeshasdad @spyder_peter @SEAI_ie @IOMGovernment @bokesy Well, it was a 100,000+ mile Accord and I loved it. It w‚Ä¶ https://t.co/Sp3gbhpuZS",FALSE,0,"breeshasdad",2021-04-05 16:38:27,TRUE,"1379110820907454482","1379111200726908933","1092819038","<a href=""https://mobile.twitter.com"" rel=""nofollow"">Twitter Web App</a>","MikeWTweets",0,FALSE,FALSE,NA,NA
"95","@breeshasdad @spyder_peter @SEAI_ie @IOMGovernment @bokesy &lt;¬£5k EVs available now.

Add ~¬£350 for the boat and tran‚Ä¶ https://t.co/ZwWCju0ejh",FALSE,0,"breeshasdad",2021-04-05 16:37:44,TRUE,"1379110820907454482","1379111019377790984","1092819038","<a href=""https://mobile.twitter.com"" rel=""nofollow"">Twitter Web App</a>","MikeWTweets",0,FALSE,FALSE,NA,NA
"96","@MikeWTweets @spyder_peter @SEAI_ie @IOMGovernment @bokesy I‚Äôd ask how much your EV was that replaced the 09 Honda‚Ä¶ https://t.co/jKtw3tfbo2",FALSE,0,"MikeWTweets",2021-04-05 16:36:57,TRUE,"1379109556505153537","1379110820907454482","24115805","<a href=""http://twitter.com/download/iphone"" rel=""nofollow"">Twitter for iPhone</a>","breeshasdad",0,FALSE,FALSE,NA,NA
"97","@breeshasdad @spyder_peter @SEAI_ie @IOMGovernment @bokesy Nobody is subsidising the cost of my transport, thanks.‚Ä¶ https://t.co/qrfMh6FXYF",FALSE,0,"breeshasdad",2021-04-05 16:35:45,TRUE,"1379110280739819520","1379110520616321027","1092819038","<a href=""https://mobile.twitter.com"" rel=""nofollow"">Twitter Web App</a>","MikeWTweets",0,FALSE,FALSE,NA,NA
"98","@spyder_peter @breeshasdad @SEAI_ie @IOMGovernment @bokesy Hi Peter. We also import renewables through the intercon‚Ä¶ https://t.co/VPtmJ5ONa4",FALSE,0,"spyder_peter",2021-04-05 16:35:01,TRUE,"1379109863763144706","1379110336050180099","2267481443","<a href=""https://mobile.twitter.com"" rel=""nofollow"">Twitter Web App</a>","MikeWTweets",0,FALSE,FALSE,NA,NA
"99","@MikeWTweets @spyder_peter @SEAI_ie @IOMGovernment @bokesy Not saying that. Just that no grant = no EV = no transit‚Ä¶ https://t.co/qzusA7Mm7K",FALSE,0,"MikeWTweets",2021-04-05 16:34:48,TRUE,"1379109367212036098","1379110280739819520","24115805","<a href=""http://twitter.com/download/iphone"" rel=""nofollow"">Twitter for iPhone</a>","breeshasdad",0,FALSE,FALSE,NA,NA
"100","@breeshasdad @MikeWTweets @SEAI_ie @IOMGovernment @bokesy Mike is overlooking one very fundamental fact. When he ch‚Ä¶ https://t.co/OPFDUQ90OK",FALSE,0,"breeshasdad",2021-04-05 16:33:08,TRUE,"1379108938927460352","1379109863763144706","1092819038","<a href=""http://twitter.com/#!/download/ipad"" rel=""nofollow"">Twitter for iPad</a>","spyder_peter",0,FALSE,FALSE,NA,NA
"101","@breeshasdad @spyder_peter @SEAI_ie @IOMGovernment @bokesy That's the difference between a ¬£2 top up and a ¬£4 top u‚Ä¶ https://t.co/3Ixc6Lpj85",FALSE,1,"breeshasdad",2021-04-05 16:32:53,TRUE,"1379109312128282630","1379109798310985732","1092819038","<a href=""https://mobile.twitter.com"" rel=""nofollow"">Twitter Web App</a>","MikeWTweets",0,FALSE,FALSE,NA,NA
"102","@breeshasdad @spyder_peter @SEAI_ie @IOMGovernment @bokesy FYI my last car was a 2009 Honda Accord. So I'm not sure‚Ä¶ https://t.co/JeurIsjP0a",FALSE,0,"breeshasdad",2021-04-05 16:31:55,TRUE,"1379108938927460352","1379109556505153537","1092819038","<a href=""https://mobile.twitter.com"" rel=""nofollow"">Twitter Web App</a>","MikeWTweets",0,FALSE,FALSE,NA,NA
"103","@breeshasdad @spyder_peter @SEAI_ie @IOMGovernment @bokesy Hello,

I'm not intending to be. I'm just correcting myt‚Ä¶ https://t.co/VsGXMoMGDf",FALSE,0,"breeshasdad",2021-04-05 16:31:10,TRUE,"1379108938927460352","1379109367212036098","1092819038","<a href=""https://mobile.twitter.com"" rel=""nofollow"">Twitter Web App</a>","MikeWTweets",0,FALSE,FALSE,NA,NA
"104","@MikeWTweets @spyder_peter @SEAI_ie @IOMGovernment @bokesy I might also say.. you charge your car overnight to bala‚Ä¶ https://t.co/9WFcFgulNb",FALSE,1,"breeshasdad",2021-04-05 16:30:57,TRUE,"1379108938927460352","1379109312128282630","1092819038","<a href=""http://twitter.com/download/iphone"" rel=""nofollow"">Twitter for iPhone</a>","breeshasdad",0,FALSE,FALSE,NA,NA
"105","@MikeWTweets @spyder_peter @SEAI_ie @IOMGovernment @bokesy I think you‚Äôre being a bit harsh on Peter Mike.
EVs are‚Ä¶ https://t.co/M4imghACtl",FALSE,2,"MikeWTweets",2021-04-05 16:29:28,TRUE,"1379107491292790784","1379108938927460352","24115805","<a href=""http://twitter.com/download/iphone"" rel=""nofollow"">Twitter for iPhone</a>","breeshasdad",1,FALSE,FALSE,NA,NA
"106","@spyder_peter @breeshasdad @SEAI_ie @IOMGovernment @bokesy Is this comment aimed at me?

I am not trying to sell yo‚Ä¶ https://t.co/kepxesvRUA",FALSE,0,"spyder_peter",2021-04-05 16:23:43,TRUE,"1379107141739552774","1379107491292790784","2267481443","<a href=""https://mobile.twitter.com"" rel=""nofollow"">Twitter Web App</a>","MikeWTweets",0,FALSE,FALSE,NA,NA
"107","@MikeWTweets @breeshasdad @SEAI_ie @IOMGovernment @bokesy Look it‚Äôs ok for you, you are minted. No way I could consider buying an ev.",FALSE,1,"MikeWTweets",2021-04-05 16:22:19,FALSE,"1379105491050192897","1379107141739552774","24115805","<a href=""http://twitter.com/#!/download/ipad"" rel=""nofollow"">Twitter for iPad</a>","spyder_peter",0,FALSE,FALSE,NA,NA
"108","We will be appointing 3 x Senior Energy Modelling Experts to develop analytical outputs to inform and drive essenti‚Ä¶ https://t.co/dEbtIn4NlC",FALSE,0,NA,2021-04-05 16:20:07,TRUE,NA,"1379106586493394948",NA,"<a href=""https://sproutsocial.com"" rel=""nofollow"">Sprout Social</a>","SEAI_ie",1,FALSE,FALSE,NA,NA
"109","@spyder_peter @breeshasdad @SEAI_ie @IOMGovernment @bokesy This article is worth a read: https://t.co/udI410sEJ8",FALSE,0,"MikeWTweets",2021-04-05 16:19:08,FALSE,"1379105916591734792","1379106338916200454","24115805","<a href=""https://mobile.twitter.com"" rel=""nofollow"">Twitter Web App</a>","MikeWTweets",0,FALSE,FALSE,NA,NA
"110","@spyder_peter @breeshasdad @SEAI_ie @IOMGovernment @bokesy Either we are both completely misunderstanding each othe‚Ä¶ https://t.co/uSjzVlGNHY",FALSE,0,"spyder_peter",2021-04-05 16:17:27,TRUE,"1379105609279283210","1379105916591734792","2267481443","<a href=""https://mobile.twitter.com"" rel=""nofollow"">Twitter Web App</a>","MikeWTweets",0,FALSE,FALSE,NA,NA
"111","@MikeWTweets @breeshasdad @SEAI_ie @IOMGovernment @bokesy Who says?",FALSE,0,"MikeWTweets",2021-04-05 16:16:14,FALSE,"1379105491050192897","1379105609279283210","24115805","<a href=""http://twitter.com/#!/download/ipad"" rel=""nofollow"">Twitter for iPad</a>","spyder_peter",0,FALSE,FALSE,NA,NA
"112","@spyder_peter @breeshasdad @SEAI_ie @IOMGovernment @bokesy You can buy a Renault Zoe, brand new (or indeed second h‚Ä¶ https://t.co/p4pwq0alcl",FALSE,0,"spyder_peter",2021-04-05 16:15:46,TRUE,"1379105302579187718","1379105491050192897","2267481443","<a href=""https://mobile.twitter.com"" rel=""nofollow"">Twitter Web App</a>","MikeWTweets",0,FALSE,FALSE,NA,NA
"113","@MikeWTweets @breeshasdad @SEAI_ie @IOMGovernment @bokesy The one I‚Äôm talking about is new!",FALSE,0,"MikeWTweets",2021-04-05 16:15:01,FALSE,"1379105157091315717","1379105302579187718","24115805","<a href=""http://twitter.com/#!/download/ipad"" rel=""nofollow"">Twitter for iPad</a>","spyder_peter",0,FALSE,FALSE,NA,NA
"114","@spyder_peter @breeshasdad @SEAI_ie @IOMGovernment @bokesy Where?",FALSE,0,"spyder_peter",2021-04-05 16:14:54,FALSE,"1379105060165201922","1379105272531148810","2267481443","<a href=""https://mobile.twitter.com"" rel=""nofollow"">Twitter Web App</a>","MikeWTweets",0,FALSE,FALSE,NA,NA
"115","@spyder_peter @breeshasdad @SEAI_ie @IOMGovernment @bokesy The battery rental scheme is from back in the day when t‚Ä¶ https://t.co/wxZBzP9zA0",FALSE,0,"spyder_peter",2021-04-05 16:14:26,TRUE,"1379104723425505280","1379105157091315717","2267481443","<a href=""https://mobile.twitter.com"" rel=""nofollow"">Twitter Web App</a>","MikeWTweets",0,FALSE,FALSE,NA,NA
"116","@MikeWTweets @breeshasdad @SEAI_ie @IOMGovernment @bokesy There are also those which have had to have the batteries‚Ä¶ https://t.co/ZIhqnfWjDt",FALSE,0,"MikeWTweets",2021-04-05 16:14:03,TRUE,"1379103068927721474","1379105060165201922","24115805","<a href=""http://twitter.com/#!/download/ipad"" rel=""nofollow"">Twitter for iPad</a>","spyder_peter",0,FALSE,FALSE,NA,NA
"117","@MikeWTweets @breeshasdad @SEAI_ie @IOMGovernment @bokesy The way Renault work is that you pay ¬£80 a month that cov‚Ä¶ https://t.co/Aa5SEI3Vim",FALSE,0,"MikeWTweets",2021-04-05 16:12:43,TRUE,"1379103068927721474","1379104723425505280","24115805","<a href=""http://twitter.com/#!/download/ipad"" rel=""nofollow"">Twitter for iPad</a>","spyder_peter",0,FALSE,FALSE,NA,NA
"118","@spyder_peter @breeshasdad @SEAI_ie @IOMGovernment @bokesy Yes. And Marks &amp; Spencer in Douglas run completely - 100% renewable....",FALSE,0,"spyder_peter",2021-04-05 16:11:10,FALSE,"1379103886473109508","1379104333137113092","2267481443","<a href=""https://mobile.twitter.com"" rel=""nofollow"">Twitter Web App</a>","MikeWTweets",0,FALSE,FALSE,NA,NA
"119","@MikeWTweets @breeshasdad @SEAI_ie @IOMGovernment @bokesy The uk has invested a lot in renewables. We have done zip‚Ä¶ https://t.co/7ZfueddRjj",FALSE,0,"MikeWTweets",2021-04-05 16:09:23,TRUE,"1379102911150587906","1379103886473109508","24115805","<a href=""http://twitter.com/#!/download/ipad"" rel=""nofollow"">Twitter for iPad</a>","spyder_peter",0,FALSE,FALSE,NA,NA
"120","@breeshasdad @spyder_peter @SEAI_ie @IOMGovernment The PiCG grant towards the purchase of a brand new electric vehi‚Ä¶ https://t.co/UkI4SABKfD",FALSE,0,"breeshasdad",2021-04-05 16:08:51,TRUE,"1379096498563080197","1379103752158855170","1092819038","<a href=""https://mobile.twitter.com"" rel=""nofollow"">Twitter Web App</a>","MikeWTweets",0,FALSE,FALSE,NA,NA
"121","@breeshasdad @spyder_peter @SEAI_ie @IOMGovernment @bokesy ""Hiring batteries"" and ""Replacing batteries""

You don't‚Ä¶ https://t.co/PLJyktGN4r",FALSE,0,"MikeWTweets",2021-04-05 16:06:08,TRUE,"1379102975617085453","1379103068927721474","24115805","<a href=""https://mobile.twitter.com"" rel=""nofollow"">Twitter Web App</a>","MikeWTweets",0,FALSE,FALSE,NA,NA
"122","@breeshasdad @spyder_peter @SEAI_ie @IOMGovernment @bokesy ""Additional demand for EV's require heavy oil""

No, not‚Ä¶ https://t.co/dkYCyji2qW",FALSE,0,"MikeWTweets",2021-04-05 16:05:46,TRUE,"1379102911150587906","1379102975617085453","24115805","<a href=""https://mobile.twitter.com"" rel=""nofollow"">Twitter Web App</a>","MikeWTweets",0,FALSE,FALSE,NA,NA
"123","@breeshasdad @spyder_peter @SEAI_ie @IOMGovernment @bokesy Some common myth-busting coming up:

""EV's only move the‚Ä¶ https://t.co/wss71A2toF",FALSE,0,"MikeWTweets",2021-04-05 16:05:31,TRUE,"1379102850731630595","1379102911150587906","24115805","<a href=""https://mobile.twitter.com"" rel=""nofollow"">Twitter Web App</a>","MikeWTweets",0,FALSE,FALSE,NA,NA
"124","@breeshasdad @spyder_peter @SEAI_ie @IOMGovernment @bokesy Thanks @breeshasdad. I'd like to respond to @spyder_peter's comments below....",FALSE,0,"breeshasdad",2021-04-05 16:05:16,FALSE,"1379097684871684098","1379102850731630595","1092819038","<a href=""https://mobile.twitter.com"" rel=""nofollow"">Twitter Web App</a>","MikeWTweets",0,FALSE,FALSE,NA,NA
"125","@ShaunGelling @spyder_peter @SEAI_ie @IOMGovernment I do that constantly Shaun.
Also grants. I‚Äôm concerned folk lik‚Ä¶ https://t.co/9P92vdmcO2",FALSE,1,"ShaunGelling",2021-04-05 16:04:33,TRUE,"1379100069299912705","1379102669982294018","302805593","<a href=""http://twitter.com/download/iphone"" rel=""nofollow"">Twitter for iPhone</a>","breeshasdad",0,FALSE,FALSE,NA,NA
"126","SEAI said access to finance ‚Äòcan be a barrier‚Äô to residential retrofitting as it approved fund https://t.co/PWLroK4n9d via @IrishTimesBiz",FALSE,3,NA,2021-04-05 15:57:33,FALSE,NA,"1379100909054005253",NA,"<a href=""https://dlvrit.com/"" rel=""nofollow"">dlvr.it</a>","IrishTimesBiz",1,FALSE,FALSE,NA,NA
"127","@breeshasdad @spyder_peter @SEAI_ie @IOMGovernment That‚Äôs the rub and you need to lobby for the secrecy to become p‚Ä¶ https://t.co/gv4TR6vIcF",FALSE,2,"breeshasdad",2021-04-05 15:54:13,TRUE,"1379095822210629635","1379100069299912705","1092819038","<a href=""http://twitter.com/download/iphone"" rel=""nofollow"">Twitter for iPhone</a>","ShaunGelling",0,FALSE,FALSE,NA,NA
"128","@breeshasdad @SEAI_ie @IOMGovernment There is no point in doing it unless like the uk, we can have days when the na‚Ä¶ https://t.co/3zEAMTrZ7X",FALSE,0,"breeshasdad",2021-04-05 15:48:34,TRUE,"1379095822210629635","1379098645555986435","1092819038","<a href=""http://twitter.com/#!/download/ipad"" rel=""nofollow"">Twitter for iPad</a>","spyder_peter",0,FALSE,FALSE,NA,NA
"129","@spyder_peter @SEAI_ie @IOMGovernment Forgot to put the #ClimateForumIOM hashtag in this thread for @bokesy and @MikeWTweets üòä",FALSE,2,"breeshasdad",2021-04-05 15:44:45,FALSE,"1379096498563080197","1379097684871684098","1092819038","<a href=""http://twitter.com/download/iphone"" rel=""nofollow"">Twitter for iPhone</a>","breeshasdad",0,FALSE,FALSE,NA,NA
"130","@spyder_peter @SEAI_ie @IOMGovernment And my ¬£2k punto does +60mpg.. Isle of Man mileage.. not even a tank a month.‚Ä¶ https://t.co/EXgKsZmhpt",FALSE,3,"breeshasdad",2021-04-05 15:40:02,TRUE,"1379095822210629635","1379096498563080197","1092819038","<a href=""http://twitter.com/download/iphone"" rel=""nofollow"">Twitter for iPhone</a>","breeshasdad",0,FALSE,FALSE,NA,NA
"131","@spyder_peter @SEAI_ie @IOMGovernment All good points Peter.. the diesels at Peel and Pulrose rarely run though.
Un‚Ä¶ https://t.co/E4JYld5BT7",FALSE,2,"spyder_peter",2021-04-05 15:37:21,TRUE,"1379085188303577089","1379095822210629635","2267481443","<a href=""http://twitter.com/download/iphone"" rel=""nofollow"">Twitter for iPhone</a>","breeshasdad",0,FALSE,FALSE,NA,NA
"132","@breeshasdad @SEAI_ie @IOMGovernment The batteries of a small Renault EV cost ¬£80 a month to ‚Äúhire‚Äù.   Nissan Leaf‚Ä¶ https://t.co/ASlioeXPbH",FALSE,0,"spyder_peter",2021-04-05 14:55:05,TRUE,"1379081752359141378","1379085188303577089","2267481443","<a href=""http://twitter.com/#!/download/ipad"" rel=""nofollow"">Twitter for iPad</a>","spyder_peter",0,FALSE,FALSE,NA,NA
"133","@breeshasdad @SEAI_ie @IOMGovernment If the additional demand for power for EV‚Äôs mean that the heavy oil engines at‚Ä¶ https://t.co/EEm6Xgshoc",FALSE,0,"spyder_peter",2021-04-05 14:41:26,TRUE,"1379061211917062145","1379081752359141378","2267481443","<a href=""http://twitter.com/#!/download/ipad"" rel=""nofollow"">Twitter for iPad</a>","spyder_peter",0,FALSE,FALSE,NA,NA
"134","Interested in reducing your carbon emissions while saving money on your energy bills? Want to learn more about‚Ä¶ https://t.co/XCS0k7N0CH",FALSE,3,NA,2021-04-05 14:17:02,TRUE,NA,"1379075609805131784",NA,"<a href=""https://sproutsocial.com"" rel=""nofollow"">Sprout Social</a>","SEAI_ie",0,FALSE,FALSE,NA,NA
"135","We're hiring for a Programme Manager ‚Äì Internal Audit and Risk. The successful candidate will oversee and co-ordina‚Ä¶ https://t.co/1KIDzRR6If",FALSE,0,NA,2021-04-05 13:54:02,TRUE,NA,"1379069822240194566",NA,"<a href=""https://sproutsocial.com"" rel=""nofollow"">Sprout Social</a>","SEAI_ie",0,FALSE,FALSE,NA,NA
"136","@breeshasdad @SEAI_ie @IOMGovernment The enforced change to electric vehicles is a profoundly undemocratic thing to‚Ä¶ https://t.co/sJydkt7jQD",FALSE,0,"breeshasdad",2021-04-05 13:19:49,TRUE,"1379038577766641665","1379061211917062145","1092819038","<a href=""http://twitter.com/#!/download/ipad"" rel=""nofollow"">Twitter for iPad</a>","spyder_peter",0,FALSE,FALSE,NA,NA
"137","The lower the carbon the lower the costüîÜ‚úÖ
Did you click? 
@GaisceAward @ScoutingIreland @CaillumH @D9Herbs‚Ä¶ https://t.co/WAdWgiPHf1",FALSE,2,NA,2021-04-05 12:41:53,TRUE,NA,"1379051667526672387",NA,"<a href=""https://mobile.twitter.com"" rel=""nofollow"">Twitter Web App</a>","ShamrockSpring",0,FALSE,FALSE,NA,NA
"138","@SEAI_ie Is the dashboard built using PowerBi?",FALSE,0,"SEAI_ie",2021-04-05 11:55:25,FALSE,"1375045734077202436","1379039973261910018","377404515","<a href=""http://twitter.com/download/iphone"" rel=""nofollow"">Twitter for iPhone</a>","pinzarela",0,FALSE,FALSE,NA,NA
"139","I‚Äôll have to check this on the @SEAI_ie site but @IOMGovernment ... if you want a meaningful climate (and EV) trans‚Ä¶ https://t.co/xW45mOIT71",FALSE,4,NA,2021-04-05 11:49:52,TRUE,NA,"1379038577766641665",NA,"<a href=""http://twitter.com/download/iphone"" rel=""nofollow"">Twitter for iPhone</a>","breeshasdad",0,FALSE,FALSE,NA,NA
"140","@EnergyInIreland @DavQuinn It's not ‚Ç¨10k anymore. The maximum subsidy towards an EV is now ‚Ç¨8070

‚Ç¨5,000 SEAI grant‚Ä¶ https://t.co/YTuEFiA05D",FALSE,6,"EnergyInIreland",2021-04-05 11:31:59,TRUE,"1379031532153802756","1379034076917686289","1204145023429820416","<a href=""http://twitter.com/download/android"" rel=""nofollow"">Twitter for Android</a>","CillDar",1,FALSE,FALSE,NA,NA
"141","@DavQuinn @SunTimesIreland Imagine we had access to a 24/7 renewable energy source proximate to all of our major ci‚Ä¶ https://t.co/QjWt14HBJ1",FALSE,0,"DavQuinn",2021-04-05 10:35:48,TRUE,"1378795793231060992","1379019936690024451","127040659","<a href=""http://twitter.com/download/android"" rel=""nofollow"">Twitter for Android</a>","Starabara",0,FALSE,FALSE,NA,NA
"142",".@Dept_ECC is currently consulting on the redesign of the Energy Efficiency Obligation Scheme. They are hosting an‚Ä¶ https://t.co/KEmsYDX1T9",FALSE,6,NA,2021-04-05 10:24:01,TRUE,NA,"1379016969526075393",NA,"<a href=""https://sproutsocial.com"" rel=""nofollow"">Sprout Social</a>","SEAI_ie",4,FALSE,FALSE,NA,NA
"143","@SEAI_ie The Facebook link is broken/not available I think? https://t.co/a4ZlOXHhDW",FALSE,0,"SEAI_ie",2021-04-05 09:32:46,FALSE,"1378635204185702401","1379004073974894593","377404515","<a href=""http://twitter.com/download/iphone"" rel=""nofollow"">Twitter for iPhone</a>","petamaxxx",0,FALSE,FALSE,NA,NA
"144","@dmichie66 I don't have numbers to hand to refute your figures just a general impression that fuel equivalent cost‚Ä¶ https://t.co/W7GESGdOWt",FALSE,0,"dmichie66",2021-04-05 09:27:54,TRUE,"1378999711856697349","1379002850135658496","266909386","<a href=""https://mobile.twitter.com"" rel=""nofollow"">Twitter Web App</a>","PeterSmartpower",0,FALSE,FALSE,NA,NA
"145","'Online visitors can choose from a selection of 40 expert briefings, panel discussions...and video tutorials' https://t.co/wKfmawwxKS",FALSE,0,NA,2021-04-04 23:08:01,FALSE,NA,"1378846848866258944",NA,"<a href=""https://buffer.com"" rel=""nofollow"">Buffer</a>","AgrilandIreland",0,FALSE,FALSE,NA,NA
"146","@JohnByrneMax its not that John its simply allocating grants where they are most needed, I doubt if you are buying‚Ä¶ https://t.co/pRHTjJfKzR",FALSE,0,"JohnByrneMax",2021-04-04 21:23:29,TRUE,"1378819407389024256","1378820544246779907","1063883030496985088","<a href=""https://mobile.twitter.com"" rel=""nofollow"">Twitter Web App</a>","GerHerbert1",0,FALSE,FALSE,NA,NA
"147","We're #recruiting for lots of exciting new roles across many of our programme areas. Apply now:‚Ä¶ https://t.co/KiVuaXq9pP",FALSE,5,NA,2021-04-04 18:48:04,TRUE,NA,"1378781430776467457",NA,"<a href=""https://sproutsocial.com"" rel=""nofollow"">Sprout Social</a>","SEAI_ie",2,FALSE,FALSE,NA,NA
"148","@dlooney You should really check out the SEAI Grants Dermot. Probably has an abysmal BER rating.",FALSE,3,"dlooney",2021-04-04 16:20:22,FALSE,"1378743399105318914","1378744263706546179","17691386","<a href=""http://twitter.com/download/android"" rel=""nofollow"">Twitter for Android</a>","LorDempsey",1,FALSE,FALSE,NA,NA
"149","The Energy Show 'offers a unique virtual one-stop-shop to accelerate Ireland towards a cleaner energy future' https://t.co/wKfmawwxKS",FALSE,0,NA,2021-04-04 16:00:39,FALSE,NA,"1378739301891125251",NA,"<a href=""https://buffer.com"" rel=""nofollow"">Buffer</a>","AgrilandIreland",0,FALSE,FALSE,NA,NA
"150","Have you listened to series 2 of our #podcast, #180Degrees yet? We're sharing stories from people across Ireland wh‚Ä¶ https://t.co/WKfQ1GIe8I",FALSE,0,NA,2021-04-04 12:23:01,TRUE,NA,"1378684529288810503",NA,"<a href=""https://sproutsocial.com"" rel=""nofollow"">Sprout Social</a>","SEAI_ie",0,FALSE,FALSE,NA,NA
"151","Interested in reducing your carbon emissions while saving money on your energy bills? Want to learn more about‚Ä¶ https://t.co/IaZGXDxtHz",FALSE,2,NA,2021-04-04 09:07:01,TRUE,NA,"1378635204185702401",NA,"<a href=""https://sproutsocial.com"" rel=""nofollow"">Sprout Social</a>","SEAI_ie",2,FALSE,FALSE,NA,NA
"152","Sign up to our mailing list and learn about using sustainable energy in your home, community or business. Hear abou‚Ä¶ https://t.co/0iZ5BrVQMM",FALSE,2,NA,2021-04-03 17:46:02,TRUE,NA,"1378403430662819841",NA,"<a href=""https://sproutsocial.com"" rel=""nofollow"">Sprout Social</a>","SEAI_ie",2,FALSE,FALSE,NA,NA
"153","Ireland's leading business to business sustainable event, the SEAI Energy Show is back! Join us for a virtual 2 Day‚Ä¶ https://t.co/CvwouEWQUP",FALSE,0,NA,2021-04-03 13:21:01,TRUE,NA,"1378336738272247811",NA,"<a href=""https://sproutsocial.com"" rel=""nofollow"">Sprout Social</a>","SEAI_ie",0,FALSE,FALSE,NA,NA
"154","Sign up to our mailing list and learn about using sustainable energy in your home, community or business. Hear abou‚Ä¶ https://t.co/gT3wkYzr6A",FALSE,1,NA,2021-04-03 13:19:01,TRUE,NA,"1378336236117577732",NA,"<a href=""https://sproutsocial.com"" rel=""nofollow"">Sprout Social</a>","SEAI_Schools",1,FALSE,FALSE,NA,NA
"155","We're delighted to announce that more than 500 Communities are now part of SEAI‚Äôs Sustainable Energy Community Netw‚Ä¶ https://t.co/CkcxAMFRUw",FALSE,7,NA,2021-04-03 12:54:10,TRUE,NA,"1378329981147697154",NA,"<a href=""https://sproutsocial.com"" rel=""nofollow"">Sprout Social</a>","SEAI_ie",2,FALSE,FALSE,NA,NA
"156","@SEAI_ie Why is this scheme installing oil burners in homes getting retrofitted, when the whole idea behind it is to stop burning fuels",FALSE,0,"SEAI_ie",2021-04-03 11:50:18,FALSE,"1367151207609958402","1378313907400495104","377404515","<a href=""http://twitter.com/download/android"" rel=""nofollow"">Twitter for Android</a>","mdmak33",0,FALSE,FALSE,NA,NA
"157","Launched by Peter Heffernan in @plocan Great to see these awarded. Congrats to awardees. Lovely tribute to Eoin Swe‚Ä¶ https://t.co/13BbqEkamo",FALSE,4,NA,2021-04-03 10:35:14,TRUE,NA,"1378295017798836231",NA,"<a href=""http://twitter.com/download/iphone"" rel=""nofollow"">Twitter for iPhone</a>","MaREIcentre",1,FALSE,FALSE,NA,NA
"158","We're hiring for a Programme Manager ‚Äì Internal Audit and Risk. The successful candidate will oversee and co-ordina‚Ä¶ https://t.co/nvqQ25noyY",FALSE,0,NA,2021-04-03 10:19:01,TRUE,NA,"1378290936900431876",NA,"<a href=""https://sproutsocial.com"" rel=""nofollow"">Sprout Social</a>","SEAI_ie",0,FALSE,FALSE,NA,NA
"159","@SEAI_ie How much is this risible sponsored ad costing the exchequer?",FALSE,1,"SEAI_ie",2021-04-03 05:42:12,FALSE,"1364981152080146434","1378221273340338176","377404515","<a href=""http://twitter.com/download/android"" rel=""nofollow"">Twitter for Android</a>","EgoEire",0,FALSE,FALSE,NA,NA
"160","Some electric cars soon won‚Äôt qualify for SEAI grants, while the incentive for plug-in hybrids is to be cut in half‚Ä¶ https://t.co/vhq6k33Ete",FALSE,0,NA,2021-04-02 20:01:55,TRUE,NA,"1378075238869635073",NA,"<a href=""http://twitter.com/download/iphone"" rel=""nofollow"">Twitter for iPhone</a>","AdamMaguire",0,FALSE,FALSE,NA,NA
"161","Eoin would be delighted to be remembered in this way 
@tonyoceanork @SEAI_ie @MaREIcentre https://t.co/eDCowWFUVK",FALSE,10,NA,2021-04-02 16:46:18,FALSE,NA,"1378026014396272651",NA,"<a href=""https://mobile.twitter.com"" rel=""nofollow"">Twitter Web App</a>","Marineireland",1,FALSE,FALSE,NA,NA
"162","We're delighted to announce that more than 500 Communities are now part of SEAI‚Äôs Sustainable Energy Community Netw‚Ä¶ https://t.co/HMalv3cgpC",FALSE,3,NA,2021-04-02 16:16:11,TRUE,NA,"1378018432436830210",NA,"<a href=""https://sproutsocial.com"" rel=""nofollow"">Sprout Social</a>","SEAI_ie",1,FALSE,FALSE,NA,NA
"163","Three SuperValu &amp; one success story üôã‚Äç‚ôÇÔ∏è. When local communities team up with the Sustainable Authority of Ireland‚Ä¶ https://t.co/vgfxgz80kp",FALSE,2,NA,2021-04-02 16:11:58,TRUE,NA,"1378017373551276034",NA,"<a href=""https://mobile.twitter.com"" rel=""nofollow"">Twitter Web App</a>","Sustineo_IE",0,FALSE,FALSE,NA,NA
"164","great work by @derryo @MemKeogh and the team at @enercooptipp at the launch of their Community Energy Plan, funded‚Ä¶ https://t.co/7rzzyaZEoF",FALSE,2,NA,2021-04-02 15:12:03,TRUE,NA,"1378002293505789959",NA,"<a href=""https://mobile.twitter.com"" rel=""nofollow"">Twitter Web App</a>","GearoidFitzG",0,FALSE,FALSE,NA,NA
"165","@LaoisBusinesses @EnergyInIreland @SEAI_ie @ESBNetworks @ESBGroup @MiseAnja @CAugustenborg @RickyWhelan @foeireland‚Ä¶ https://t.co/rV7YZn0iEA",FALSE,1,"LaoisBusinesses",2021-04-02 15:11:20,TRUE,"1377966843063902211","1378002112571924482","311915512","<a href=""https://mobile.twitter.com"" rel=""nofollow"">Twitter Web App</a>","MartleysCoaches",0,FALSE,FALSE,NA,NA
"166","We have just added a new Energy Hub to our website. Here wou will be able to explore the best of our energy content‚Ä¶ https://t.co/Us6FyiNRhp",FALSE,14,NA,2021-04-02 14:28:01,TRUE,NA,"1377991213819699210",NA,"<a href=""https://sproutsocial.com"" rel=""nofollow"">Sprout Social</a>","SEAI_ie",7,FALSE,FALSE,NA,NA
"167","We will be appointing 3 x Senior Energy Modelling Experts to develop analytical outputs to inform and drive essenti‚Ä¶ https://t.co/Md6U4jt5Hf",FALSE,3,NA,2021-04-02 12:56:04,TRUE,NA,"1377968072682790914",NA,"<a href=""https://sproutsocial.com"" rel=""nofollow"">Sprout Social</a>","SEAI_ie",1,FALSE,FALSE,NA,NA
"168","You might find this interesting;

@EnergyInIreland
@SEAI_ie 
@ESBNetworks 
@ESBGroup 
@MiseAnja 
@CAugustenborg‚Ä¶ https://t.co/p7HpfqPK7P",FALSE,13,NA,2021-04-02 12:51:11,TRUE,NA,"1377966843063902211",NA,"<a href=""http://twitter.com/download/iphone"" rel=""nofollow"">Twitter for iPhone</a>","LaoisBusinesses",10,FALSE,FALSE,NA,NA
"169","@SEAI_ie more like climate SUS! https://t.co/qRKpDm9Way",FALSE,2,"SEAI_ie",2021-04-02 11:54:02,FALSE,"1375044301781078019","1377952461009383429","377404515","<a href=""http://twitter.com/download/android"" rel=""nofollow"">Twitter for Android</a>","zanacks2",0,FALSE,FALSE,NA,NA
"170","@jfjohnston @LNBDublin Comprehensive, independent reading https://t.co/Ib3PozfGVY",FALSE,0,"jfjohnston",2021-04-02 11:53:20,FALSE,"1377940047048142852","1377952285226110977","159445894","<a href=""https://mobile.twitter.com"" rel=""nofollow"">Twitter Web App</a>","MartinJHowley",0,FALSE,FALSE,NA,NA
"171","https://t.co/cDV6aQXWy2 #SME Small companies are being urged to avail of GreenStart and GreenPlus vouchers, hosted‚Ä¶ https://t.co/PhIHjgyuhQ",FALSE,1,NA,2021-04-02 10:34:47,TRUE,NA,"1377932518159233027",NA,"<a href=""https://mobile.twitter.com"" rel=""nofollow"">Twitter Web App</a>","JoeDermody",0,FALSE,FALSE,NA,NA
"172",".@Dept_ECC is currently consulting on the redesign of the Energy Efficiency Obligation Scheme. They are hosting an‚Ä¶ https://t.co/QLnCWn0Uvl",FALSE,4,NA,2021-04-02 10:24:01,TRUE,NA,"1377929805690253313",NA,"<a href=""https://sproutsocial.com"" rel=""nofollow"">Sprout Social</a>","SEAI_ie",1,FALSE,FALSE,NA,NA
"173","The #EXEED Grant is now open for 2021 with Government funding of ‚Ç¨14 million available for businesses. The scheme i‚Ä¶ https://t.co/qcoQPh3fGd",FALSE,0,NA,2021-04-02 10:00:32,TRUE,NA,"1377923898281431040",NA,"<a href=""https://sproutsocial.com"" rel=""nofollow"">Sprout Social</a>","SEAI_ie",0,FALSE,FALSE,NA,NA
"174","@Darkunn @teslaownersirl Yes that‚Äôs right re the VRT. Announcement last few days is cars with list price &gt;‚Ç¨60,000 w‚Ä¶ https://t.co/1vvEz76pVa",FALSE,1,"Darkunn",2021-04-02 09:24:24,TRUE,"1377914325168447489","1377914802920640514","116443638","<a href=""http://twitter.com/download/iphone"" rel=""nofollow"">Twitter for iPhone</a>","ScottMckinlay8",0,FALSE,FALSE,NA,NA
"175","@ScottMckinlay8 @teslaownersirl I thought they had changed the VRT 5000‚Ç¨ relief of the 14% to just 7% VRT instead,‚Ä¶ https://t.co/owVOdK9Raw",FALSE,0,"ScottMckinlay8",2021-04-02 09:22:30,TRUE,"1377905511752929285","1377914325168447489","1053701294500782080","<a href=""https://mobile.twitter.com"" rel=""nofollow"">Twitter Web App</a>","Darkunn",0,FALSE,FALSE,NA,NA
"176","Ireland's leading business to business sustainable event, the SEAI Energy Show is back! Join us for a virtual 2 Day‚Ä¶ https://t.co/DRnHjLt2wp",FALSE,7,NA,2021-04-02 09:20:01,TRUE,NA,"1377913703048306691",NA,"<a href=""https://sproutsocial.com"" rel=""nofollow"">Sprout Social</a>","SEAI_ie",3,FALSE,FALSE,NA,NA
"177","@teslaownersirl a look back on the price changes of #teslamodel3 since the 2021 budget.  
With the removal of the S‚Ä¶ https://t.co/pRryhPdofF",FALSE,4,"teslaownersirl",2021-04-02 08:47:28,TRUE,NA,"1377905511752929285","965535618028789761","<a href=""https://mobile.twitter.com"" rel=""nofollow"">Twitter Web App</a>","ScottMckinlay8",2,FALSE,FALSE,NA,NA
"178","A recent episode of the @SEAI_ie's podcast explained ""The difference a home energy upgrade makes""
Homeowner Francis‚Ä¶ https://t.co/S6KA3ApQrE",FALSE,3,NA,2021-04-02 07:01:08,TRUE,NA,"1377878751833374722",NA,"<a href=""https://www.hootsuite.com"" rel=""nofollow"">Hootsuite Inc.</a>","the_iPHA",3,FALSE,FALSE,NA,NA
"179","The Super Energy Activists Ireland are four kids (and one dog) who are finding out about sustainable energy and pro‚Ä¶ https://t.co/z6JcCkX3Ej",FALSE,1,NA,2021-04-02 04:18:04,TRUE,NA,"1377837714985398272",NA,"<a href=""http://twitter.com/download/android"" rel=""nofollow"">Twitter for Android</a>","JPAConnect",0,FALSE,FALSE,NA,NA
"180","@Brianc31909346 @glutenfreeMark According to the most recent stats from the SEAI, there are about 27,000 on the roa‚Ä¶ https://t.co/m5pq8lgeA0",FALSE,1,"Brianc31909346",2021-04-01 20:06:09,TRUE,"1377712027976790019","1377713916466364424","1139921609719001089","<a href=""https://mobile.twitter.com"" rel=""nofollow"">Twitter Web App</a>","GerHerbert1",0,FALSE,FALSE,NA,NA
"181","This Webinar on 8th of April is open to all interested in sustainability and community energy, particularly relevan‚Ä¶ https://t.co/UbRXivYZBx",FALSE,0,NA,2021-04-01 19:00:28,TRUE,NA,"1377697387091783683",NA,"<a href=""https://www.hootsuite.com"" rel=""nofollow"">Hootsuite Inc.</a>","BallyhouraDev",0,FALSE,FALSE,NA,NA
"182","We have just added a new Energy Hub to our website. Here wou will be able to explore the best of our energy content‚Ä¶ https://t.co/7ghcPyM7JU",FALSE,5,NA,2021-04-01 16:04:01,TRUE,NA,"1377652982297337867",NA,"<a href=""https://mobile.twitter.com"" rel=""nofollow"">Twitter Web App</a>","SEAI_ie",0,FALSE,FALSE,NA,NA
